# MYSQLæŸ¥è¯¢æŸå­—æ®µä¸­ä»¥é€—å·åˆ†éš”çš„å­—ç¬¦ä¸²çš„æ–¹æ³•

# [MYSQLæŸ¥è¯¢æŸå­—æ®µä¸­ä»¥é€—å·åˆ†éš”çš„å­—ç¬¦ä¸²çš„æ–¹æ³•](https://www.cnblogs.com/gmq-sh/p/6848929.html)

é¦–å…ˆæˆ‘ä»¬å»ºç«‹ä¸€å¼ å¸¦æœ‰é€—å·åˆ†éš”çš„å­—ç¬¦ä¸²ã€‚

CREATE TABLE test(id int(6) NOT NULL AUTO_INCREMENT,PRIMARY KEY (id),pname VARCHAR(20) NOT NULL,pnum VARCHAR(50) NOT NULL);

ç„¶åæ’å…¥å¸¦æœ‰é€—å·åˆ†éš”çš„æµ‹è¯•æ•°æ®

INSERT INTO test(pname,pnum) VALUES('äº§å“1','1,2,4');

INSERT INTO test(pname,pnum) VALUES('äº§å“2','2,4,7');

INSERT INTO test(pname,pnum) VALUES('äº§å“3','3,4');

INSERT INTO test(pname,pnum) VALUES('äº§å“4','1,7,8,9');

INSERT INTO test(pname,pnum) VALUES('äº§å“5','33,4');

Â 

**æŸ¥æ‰¾pnumå­—æ®µä¸­åŒ…å«3æˆ–è€…9çš„è®°å½•**

[MySQL](http://lib.csdn.net/base/mysql "MySQLçŸ¥è¯†åº“")> SELECT * FROM test WHERE find_in_set('3',pnum) OR find_in_set('9',pnum);

+----+-------+---------+

| id | pname | pnumÂ Â Â  |

+----+-------+---------+

|Â  3 | äº§å“3 | 3,4Â Â Â Â  |

|Â  4 | äº§å“4 | 1,7,8,9 |

+----+-------+---------+

2 rows in set (0.03 sec)

Â 

**ä½¿ç”¨æ­£åˆ™**

mysql> SELECT * FROM test WHERE pnum REGEXP '(3|9)';

+----+-------+---------+

| id | pname | pnumÂ Â Â  |

+----+-------+---------+

|Â  3 | äº§å“3 | 3,4Â Â Â Â  |

|Â  4 | äº§å“4 | 1,7,8,9 |

|Â  5 | äº§å“5 | 33,4Â Â Â  |

+----+-------+---------+

3 rows in set (0.02 sec)

è¿™æ ·ä¼šäº§ç”Ÿå¤šæ¡è®°å½•ï¼Œæ¯”å¦‚33ä¹Ÿè¢«æŸ¥æ‰¾å‡ºæ¥äº†ã€‚

Â 

æ¢ä¸€ç§æ–¹å¼

Â 

Â 

1. **mysql>Â** **SELECTÂ *Â** **FROMÂ testÂ** **WHEREÂ CONCAT(****',',pnum,****',')Â REGEXPÂ** **'[^0-9]+[3|9][^0-9]+';Â Â** 

+----+-------+---------+

| id | pname | pnumÂ Â Â  |

+----+-------+---------+

|Â  3 | äº§å“3 | 3,4Â Â Â Â  |

|Â  4 | äº§å“4 | 1,7,8,9 |

+----+-------+---------+

2 rows in set (0.01 sec)

Â 

Â 

3ã€select * from oa_student_archives where CONCAT(',',pe_projects,',') like '%,11,%';

è¿™ç§æ–¹å¼ä¹Ÿå¯ä»¥ã€‚

Â 

æ³¨æ„ï¼š

æ ‡çº¢çš„**mysql>Â** **SELECTÂ *Â** **FROMÂ testÂ** **WHEREÂ CONCAT(****',',pnum,****',')Â REGEXPÂ** **'[^0-9]+[3|9][^0-9]+';Â** 

**è¿™ç§ï¼Œå½“æ—¶å°äº10çš„æ•°æ®æœç´¢æ˜¯å¯ä»¥çš„ï¼Œä½†æ˜¯å¦‚æœæ˜¯å¤§äº10çš„ï¼Œåˆ™ä¸èƒ½ç”¨ï¼ŒåŸå› æˆ‘è¿˜ä¸å¤ªæ¸…æ¥šï¼Œæœ‰å¤§ç¥å¯ä»¥è§£é‡Šä¸‹å—ï¼Ÿ**

Â 

æ€»ç»“å¦‚ä¸‹ï¼š

1ã€select * from oa_student_archives where CONCAT(',',pe_projects,',') like '%,11,%';

2ã€select * from oa_student_archives whereÂ find_in_set('12', pe_projects);

Â 

ä»¥ä¸Šçš„ä¸¤ä¸ªéƒ½å¯ä»¥ç”¨ã€‚

Â 
